"1,Brookmyre,Christopher,,,,,,,,,,,,"
"2,Brookmyre,Christopher,,,,,,,,,,,,"
"3,Moore,Christopher,,,,,,,,,,,,"
"4,Moore,Christopher,,,,,,,,,,,,"
"5,Holt,Tom,,,,,,,,,,,,"
"6,Holt,Tom,,,,,,,,,,,,"
"7,Child,Lee,,,,,,,,,,,,"
"8,Child,Lee,,,,,,,,,,,,"
",,,,,,,,,,,,,,"
",,,,,,,,,,,,,,"
",,,,,,,,,,,,,,"
",,,,,,,,,,,,,,"
",,,,,,,,,,,,,,"
",,,,,,,,,,,,,,"
",,,,,,,,,,,,,,"
",,,,,,,,,,,,,,"
",,,,,,,,,,,,,,"
",,,,,,,,,,,,,,"
",,,,,,,,,,,,,,"
",,,,,,,,,,,,,,"
",,,,,,,,,,,,,,"
",,,,,,,,,,,,,,"
",,,,,,,,,,,,,,"
",,,,,,,,,,,,,,"
",,,,,,,,,,,,,,"
",,,,,,,,,,,,,,"
",,,,,,,,,,,,,,"
",,,,,,,,,,,,,,"
",,,,,,,,,,,,,,"
",,,,,,,,,,,,,,"
",,,,,,,,,,,,,,"
",,,,,,,,,,,,,,"
